,Model,PSI/PSII ratios,PSI/PSII ratios STDev,PSI mean,PSII mean,PSI STDev,PSII STDev
0,wt_250,1.5726112171000586,0.011048577976138913,39.13473294695305,24.88603122582949,0.10886462998019528,0.12632679318084952
1,wt_750,1.5916445974810867,0.011461381563703604,110.69475303221044,69.5498656413719,0.3147795316017315,0.36138196298693837
2,wt_1500,1.6996620812995549,0.0712764555550704,212.9896908375904,125.45974961336628,3.8099464815690953,3.773770617710837
3,tr_250,1.571784017289748,0.010503152991284995,39.11078355950484,24.883815862276762,0.10101225288479865,0.1203207324738057
4,tr_750,1.5843764880097608,0.009986281910425984,110.37120246912677,69.66412336679974,0.29845289086679677,0.3259773757826907
5,tr_1500,1.0511459633689575,0.011849622765520169,169.8210222191918,161.56858644694455,1.4405330761128596,1.4092968907019012
