"","sample","dim(resmatrix)[1]","dim(Nfails)[1]","dim(Ifails)[1]","gw$list_fails","gw$percent_converged"
"1","wt_250",699,2,2,220,68.5264663805436
"2","wt_750",688,1,0,207,69.9127906976744
"3","wt_1500",1849,582,30,1115,39.697133585722
"4","tr_250",693,2,2,206,70.2741702741703
"5","tr_750",693,1,0,244,64.7907647907648
"6","tr_1500",1856,654,48,1032,44.3965517241379
